{"VerticalSensitivity":0.39500001072883608,"HorizontalSensitivity":0.35600000619888308}